{
    "Surface Area": 0.8762745095630355,
    "Compactness": 26.199177711925287,
    "Rectangularity": 0.8613737123166875,
    "Diameter": 0.9574645649156609,
    "Convexity": 0.8656279290102853,
    "Eccentricity": 5.092612181072571,
    "A3_hist": 28.84855278956687,
    "D1_hist": 24.150332244365046,
    "D2_hist": 37.68037133430645,
    "D3_hist": 28.393841040395387,
    "D4_hist": 23.978218235158323
}