{
    "Surface Area": 2.5491390228271484,
    "Compactness": 1.3344101074876518,
    "Rectangularity": 0.4015963000952457,
    "Diameter": 1.0402363247579312,
    "Convexity": 0.8468792631746213,
    "Eccentricity": 1.652094863456464,
    "A3_hist": [
        0.00105,
        0.0026625,
        0.0041625,
        0.0055375,
        0.00705,
        0.00778125,
        0.009025,
        0.00983125,
        0.0115125,
        0.01279375,
        0.01358125,
        0.01475625,
        0.01585,
        0.016,
        0.01645,
        0.01723125,
        0.01853125,
        0.01883125,
        0.01861875,
        0.019125,
        0.01991875,
        0.02036875,
        0.0208875,
        0.020725,
        0.02098125,
        0.0207375,
        0.02181875,
        0.0211,
        0.02135,
        0.02114375,
        0.0208125,
        0.02110625,
        0.02149375,
        0.02095,
        0.02049375,
        0.0212625,
        0.0203625,
        0.0200625,
        0.0199875,
        0.01998125,
        0.01866875,
        0.0186125,
        0.0178,
        0.01751875,
        0.01666875,
        0.0158625,
        0.0159875,
        0.01485,
        0.0146125,
        0.01401875,
        0.01334375,
        0.01253125,
        0.01189375,
        0.01115625,
        0.0104125,
        0.00985625,
        0.00918125,
        0.00845625,
        0.00775625,
        0.0073125,
        0.00708125,
        0.0066,
        0.00631875,
        0.00556875,
        0.00546875,
        0.00464375,
        0.0047125,
        0.0037875,
        0.00353125,
        0.00320625,
        0.00298125,
        0.0025875,
        0.0025125,
        0.0022125,
        0.002075,
        0.00175,
        0.00165625,
        0.0014875,
        0.00135,
        0.0011625,
        0.00099375,
        0.000975,
        0.00068125,
        0.00075625,
        0.000625,
        0.00059375,
        0.00040625,
        0.00035,
        0.000275,
        0.00026875,
        0.0001875,
        0.000175,
        0.0001625,
        8.75e-05,
        6.875e-05,
        7.5e-05,
        6.25e-05,
        6.25e-05,
        5e-05,
        2.5e-05
    ],
    "D1_hist": [
        0.0019625,
        0.00375625,
        0.003925,
        0.0321125,
        0.04638125,
        0.03075,
        0.0194,
        0.03125,
        0.02051875,
        0.02879375,
        0.01810625,
        0.02579375,
        0.02399375,
        0.01730625,
        0.03309375,
        0.0180875,
        0.02345,
        0.033675,
        0.0237875,
        0.02459375,
        0.02656875,
        0.02993125,
        0.02781875,
        0.031,
        0.03474375,
        0.02854375,
        0.02971875,
        0.034175,
        0.04791875,
        0.0464875,
        0.080925,
        0.01485625,
        0.00736875,
        0.007575,
        0.0,
        0.0,
        0.0,
        0.0,
        0.0,
        0.0,
        0.0,
        0.01508125,
        0.0,
        0.0,
        0.0,
        0.0,
        0.0,
        0.0,
        0.0,
        0.00741875,
        0.0,
        0.0,
        0.0,
        0.0,
        0.0,
        0.0,
        0.0,
        0.0151875,
        0.0,
        0.0,
        0.0,
        0.0,
        0.0,
        0.0,
        0.0,
        0.00781875,
        0.0,
        0.0,
        0.0,
        0.0,
        0.0,
        0.0,
        0.0,
        0.0,
        0.01506875,
        0.0,
        0.0,
        0.0,
        0.0,
        0.0,
        0.0,
        0.0,
        0.0077875,
        0.0,
        0.0,
        0.0,
        0.0,
        0.0,
        0.0,
        0.0,
        0.0,
        0.0157375,
        0.0,
        0.0,
        0.0,
        0.0,
        0.0,
        0.0,
        0.0,
        0.00753125
    ],
    "D2_hist": [
        0.00030625,
        0.0007375,
        0.001,
        0.0013,
        0.00146875,
        0.0020375,
        0.00203125,
        0.0022125,
        0.00248125,
        0.00274375,
        0.0031875,
        0.00334375,
        0.00375625,
        0.0041125,
        0.00428125,
        0.0043125,
        0.0048125,
        0.00508125,
        0.0051375,
        0.0052625,
        0.0059375,
        0.00593125,
        0.00613125,
        0.00638125,
        0.0067,
        0.00696875,
        0.0077,
        0.00761875,
        0.00749375,
        0.0086375,
        0.008975,
        0.0088125,
        0.00919375,
        0.00944375,
        0.009725,
        0.00983125,
        0.01006875,
        0.01006875,
        0.011075,
        0.01039375,
        0.0113875,
        0.0114875,
        0.01131875,
        0.01181875,
        0.01174375,
        0.01189375,
        0.01175625,
        0.013,
        0.0125875,
        0.01298125,
        0.01319375,
        0.01293125,
        0.013425,
        0.0135,
        0.013775,
        0.013275,
        0.01415,
        0.0142625,
        0.01478125,
        0.01514375,
        0.01520625,
        0.0152125,
        0.01560625,
        0.015925,
        0.01649375,
        0.01729375,
        0.0163625,
        0.01659375,
        0.01671875,
        0.01763125,
        0.0178875,
        0.01821875,
        0.0187,
        0.0185875,
        0.01866875,
        0.01925,
        0.0189375,
        0.0193625,
        0.01961875,
        0.019175,
        0.02056875,
        0.02018125,
        0.01990625,
        0.01996875,
        0.0167875,
        0.01313125,
        0.0097,
        0.00574375,
        0.00515,
        0.0045375,
        0.00445,
        0.0046625,
        0.00361875,
        0.0033,
        0.003325,
        0.00238125,
        0.00223125,
        0.00193125,
        0.0012125,
        0.00065625
    ],
    "D3_hist": [
        3.125e-05,
        4.375e-05,
        8.125e-05,
        0.0002125,
        0.000325,
        0.00040625,
        0.00055625,
        0.00068125,
        0.00095625,
        0.00115625,
        0.00136875,
        0.00143125,
        0.00203125,
        0.00216875,
        0.00245625,
        0.00248125,
        0.00288125,
        0.00331875,
        0.00369375,
        0.00388125,
        0.00441875,
        0.0045,
        0.005025,
        0.00559375,
        0.00545,
        0.00590625,
        0.0066,
        0.006925,
        0.00743125,
        0.00789375,
        0.00833125,
        0.00860625,
        0.00885,
        0.0093625,
        0.01011875,
        0.0102625,
        0.01086875,
        0.0108625,
        0.01130625,
        0.01120625,
        0.0121625,
        0.01283125,
        0.0133125,
        0.0133,
        0.0139625,
        0.0141875,
        0.01490625,
        0.01485,
        0.0161125,
        0.01596875,
        0.0164125,
        0.0168375,
        0.01709375,
        0.01761875,
        0.01759375,
        0.01865,
        0.01803125,
        0.0181875,
        0.01954375,
        0.01976875,
        0.0200625,
        0.01999375,
        0.0201625,
        0.020875,
        0.02175625,
        0.0213375,
        0.02130625,
        0.0205875,
        0.02118125,
        0.02030625,
        0.02071875,
        0.02070625,
        0.0199875,
        0.01934375,
        0.0194,
        0.01845,
        0.01911875,
        0.01680625,
        0.01660625,
        0.01653125,
        0.01428125,
        0.01294375,
        0.01135625,
        0.0104,
        0.0088,
        0.00753125,
        0.00598125,
        0.00460625,
        0.0038,
        0.00341875,
        0.00241875,
        0.001925,
        0.00164375,
        0.0014,
        0.00125625,
        0.0009,
        0.000575,
        0.0003,
        0.000125,
        8.75e-05
    ],